File,RelativePath,Folder,Date,Time,Technician,ClusterID,CameraBrand,SetUpDay,SetUpTime,DateTimeWrong,TimeComment,Service,Empty,Carcass,Animal,Human,Vehicle,Collar,ImageQuality,PoorQuality,DeleteFlag,SecondOpinion,Highlight,AIWrong,Species1,Count1,Species2,Count2,Species3,Count3,Temperature,Sequence,MoonPhase,Comments,
MFDC0001.JPG,100MFCAM,Moultrie,17-Jun-2017,12:39:23,Lauren Satterfield,NEC107F-669,Moultrie,06/17/2017,13:15,true,,true,false,false,false,false,false,false,Ok,false,false,false,false,false,,0,,0,,0,,,,,
MFDC0002.JPG,100MFCAM,Moultrie,17-Jun-2017,12:39:25,Lauren Satterfield,NEC107F-669,Moultrie,06/17/2017,13:15,true,,true,false,false,false,false,false,false,Ok,false,false,false,false,false,,0,,0,,0,,,,,
MFDC0003.JPG,100MFCAM,Moultrie,17-Jun-2017,12:39:26,Lauren Satterfield,NEC107F-669,Moultrie,06/17/2017,13:15,true,,true,false,false,false,false,false,false,Ok,false,false,false,false,false,,0,,0,,0,,,,,
MFDC0004.JPG,100MFCAM,Moultrie,17-Jun-2017,13:06:13,Lauren Satterfield,NEC107F-669,Moultrie,06/17/2017,13:15,true,,true,false,false,false,false,false,false,Ok,false,false,false,false,false,,0,,0,,0,,,,,
MFDC0005.JPG,100MFCAM,Moultrie,17-Jun-2017,13:06:15,Lauren Satterfield,NEC107F-669,Moultrie,06/17/2017,13:15,true,,true,false,false,false,false,false,false,Ok,false,false,false,false,false,,0,,0,,0,,,,,
MFDC0006.JPG,100MFCAM,Moultrie,17-Jun-2017,13:06:16,Lauren Satterfield,NEC107F-669,Moultrie,06/17/2017,13:15,true,,true,false,false,false,false,false,false,Ok,false,false,false,false,false,,0,,0,,0,,,,,
MFDC0007.JPG,100MFCAM,Moultrie,17-Jun-2017,13:07:01,Lauren Satterfield,NEC107F-669,Moultrie,06/17/2017,13:15,true,,true,false,false,false,false,false,false,Ok,false,false,false,false,false,,0,,0,,0,,,,,
MFDC0008.JPG,100MFCAM,Moultrie,17-Jun-2017,13:07:04,Lauren Satterfield,NEC107F-669,Moultrie,06/17/2017,13:15,true,,true,false,false,false,false,false,false,Ok,false,false,false,false,false,,0,,0,,0,,,,,
MFDC0009.JPG,100MFCAM,Moultrie,17-Jun-2017,13:07:04,Lauren Satterfield,NEC107F-669,Moultrie,06/17/2017,13:15,true,,true,false,false,false,false,false,false,Ok,false,false,false,false,false,,0,,0,,0,,,,,
MFDC0010.JPG,100MFCAM,Moultrie,17-Jun-2017,13:07:57,Lauren Satterfield,NEC107F-669,Moultrie,06/17/2017,13:15,true,,true,false,false,false,false,false,false,Ok,false,false,false,false,false,,0,,0,,0,,,,,
MFDC0011.JPG,100MFCAM,Moultrie,17-Jun-2017,13:08:00,Lauren Satterfield,NEC107F-669,Moultrie,06/17/2017,13:15,true,,true,false,false,false,false,false,false,Ok,false,false,false,false,false,,0,,0,,0,,,,,
MFDC0012.JPG,100MFCAM,Moultrie,17-Jun-2017,13:08:01,Lauren Satterfield,NEC107F-669,Moultrie,06/17/2017,13:15,true,,true,false,false,false,false,false,false,Ok,false,false,false,false,false,,0,,0,,0,,,,,
MFDC0013.JPG,100MFCAM,Moultrie,17-Jun-2017,13:08:30,Lauren Satterfield,NEC107F-669,Moultrie,06/17/2017,13:15,true,,true,false,false,false,false,false,false,Ok,false,false,false,false,false,,0,,0,,0,,,,,
MFDC0014.JPG,100MFCAM,Moultrie,17-Jun-2017,13:08:32,Lauren Satterfield,NEC107F-669,Moultrie,06/17/2017,13:15,true,,true,false,false,false,false,false,false,Ok,false,false,false,false,false,,0,,0,,0,,,,,
MFDC0015.JPG,100MFCAM,Moultrie,17-Jun-2017,13:08:33,Lauren Satterfield,NEC107F-669,Moultrie,06/17/2017,13:15,true,,true,false,false,false,false,false,false,Ok,false,false,false,false,false,,0,,0,,0,,,,,
MFDC0016.JPG,100MFCAM,Moultrie,17-Jun-2017,13:20:18,Lauren Satterfield,NEC107F-669,Moultrie,06/17/2017,13:15,true,,true,false,false,false,false,false,false,Ok,false,false,false,false,false,,0,,0,,0,,,,,
MFDC0017.JPG,100MFCAM,Moultrie,17-Jun-2017,13:20:20,Lauren Satterfield,NEC107F-669,Moultrie,06/17/2017,13:15,true,,true,false,false,false,false,false,false,Ok,false,false,false,false,false,,0,,0,,0,,,,,
MFDC0018.JPG,100MFCAM,Moultrie,17-Jun-2017,13:20:21,Lauren Satterfield,NEC107F-669,Moultrie,06/17/2017,13:15,true,,true,false,false,false,false,false,false,Ok,false,false,false,false,false,,0,,0,,0,,,,,
MFDC0019.JPG,100MFCAM,Moultrie,17-Jun-2017,13:21:47,Lauren Satterfield,NEC107F-669,Moultrie,06/17/2017,13:15,true,,true,false,false,false,false,false,false,Ok,false,false,false,false,false,,0,,0,,0,,,,,
MFDC0020.JPG,100MFCAM,Moultrie,17-Jun-2017,13:47:30,Lauren Satterfield,NEC107F-669,Moultrie,06/17/2017,13:15,true,,false,false,true,true,false,false,false,Ok,false,false,false,false,false,Cougar,1,,0,,0,,,,,
MFDC0021.JPG,100MFCAM,Moultrie,17-Jun-2017,13:47:34,Lauren Satterfield,NEC107F-669,Moultrie,06/17/2017,13:15,true,,false,false,true,true,false,false,false,Ok,false,false,false,false,false,Cougar,1,,0,,0,,,,,
MFDC0022.JPG,100MFCAM,Moultrie,17-Jun-2017,13:47:35,Lauren Satterfield,NEC107F-669,Moultrie,06/17/2017,13:15,true,,false,false,true,true,false,false,false,Ok,false,false,false,false,false,Cougar,1,,0,,0,,,,,
MFDC0023.JPG,100MFCAM,Moultrie,17-Jun-2017,13:52:02,Lauren Satterfield,NEC107F-669,Moultrie,06/17/2017,13:15,true,,false,true,true,false,false,false,false,Ok,false,false,false,false,false,,0,,0,,0,,,,,
MFDC0024.JPG,100MFCAM,Moultrie,17-Jun-2017,13:52:05,Lauren Satterfield,NEC107F-669,Moultrie,06/17/2017,13:15,true,,false,false,true,true,false,false,false,Ok,false,false,false,false,false,Cougar,1,,0,,0,,,,tip of ear,
MFDC0025.JPG,100MFCAM,Moultrie,17-Jun-2017,13:52:05,Lauren Satterfield,NEC107F-669,Moultrie,06/17/2017,13:15,true,,false,false,true,true,false,false,false,Ok,false,false,false,false,false,Cougar,1,,0,,0,,,,,
MFDC0026.JPG,100MFCAM,Moultrie,17-Jun-2017,19:39:49,Lauren Satterfield,NEC107F-669,Moultrie,06/17/2017,13:15,true,,false,false,true,true,false,false,false,Ok,false,false,false,false,false,Cougar,1,,0,,0,,,,,
MFDC0027.JPG,100MFCAM,Moultrie,17-Jun-2017,19:39:52,Lauren Satterfield,NEC107F-669,Moultrie,06/17/2017,13:15,true,,false,false,true,true,false,false,false,Ok,false,false,false,false,false,Cougar,1,,0,,0,,,,,
MFDC0028.JPG,100MFCAM,Moultrie,17-Jun-2017,19:39:52,Lauren Satterfield,NEC107F-669,Moultrie,06/17/2017,13:15,true,,false,false,true,true,false,false,false,Ok,false,false,false,false,false,Cougar,1,,0,,0,,,,,
MFDC0029.JPG,100MFCAM,Moultrie,17-Jun-2017,19:58:28,Lauren Satterfield,NEC107F-669,Moultrie,06/17/2017,13:15,true,,false,false,true,true,false,false,false,Ok,false,false,false,false,false,Cougar,1,,0,,0,,,,,
MFDC0030.JPG,100MFCAM,Moultrie,17-Jun-2017,19:58:30,Lauren Satterfield,NEC107F-669,Moultrie,06/17/2017,13:15,true,,false,false,true,true,false,false,false,Ok,false,false,false,false,false,Cougar,1,,0,,0,,,,,
MFDC0031.JPG,100MFCAM,Moultrie,17-Jun-2017,19:58:31,Lauren Satterfield,NEC107F-669,Moultrie,06/17/2017,13:15,true,,false,false,true,true,false,false,false,Ok,false,false,false,false,false,Cougar,1,,0,,0,,,,,
MFDC0032.JPG,100MFCAM,Moultrie,17-Jun-2017,20:09:38,Lauren Satterfield,NEC107F-669,Moultrie,06/17/2017,13:15,true,,false,false,true,true,false,false,false,Ok,false,false,false,false,false,Cougar,1,,0,,0,,,,,
MFDC0033.JPG,100MFCAM,Moultrie,17-Jun-2017,20:09:41,Lauren Satterfield,NEC107F-669,Moultrie,06/17/2017,13:15,true,,false,false,true,true,false,false,false,Ok,false,false,false,false,false,Cougar,1,,0,,0,,,,,
MFDC0034.JPG,100MFCAM,Moultrie,17-Jun-2017,20:09:42,Lauren Satterfield,NEC107F-669,Moultrie,06/17/2017,13:15,true,,false,false,true,true,false,false,false,Ok,false,false,false,false,false,Cougar,1,,0,,0,,,,,
MFDC0035.JPG,100MFCAM,Moultrie,17-Jun-2017,20:10:12,Lauren Satterfield,NEC107F-669,Moultrie,06/17/2017,13:15,true,,false,false,true,true,false,false,false,Ok,false,false,false,false,false,Cougar,1,,0,,0,,,,,
MFDC0036.JPG,100MFCAM,Moultrie,17-Jun-2017,20:10:14,Lauren Satterfield,NEC107F-669,Moultrie,06/17/2017,13:15,true,,false,false,true,true,false,false,false,Ok,false,false,false,false,false,Cougar,1,,0,,0,,,,,
MFDC0037.JPG,100MFCAM,Moultrie,17-Jun-2017,20:10:15,Lauren Satterfield,NEC107F-669,Moultrie,06/17/2017,13:15,true,,false,true,true,false,false,false,false,Ok,false,false,false,false,false,,0,,0,,0,,,,,
MFDC0038.JPG,100MFCAM,Moultrie,17-Jun-2017,21:40:24,Lauren Satterfield,NEC107F-669,Moultrie,06/17/2017,13:15,true,,false,false,false,true,false,false,false,Ok,false,false,false,false,false,Black Bear,1,,0,,0,,,,,
MFDC0039.JPG,100MFCAM,Moultrie,17-Jun-2017,21:40:28,Lauren Satterfield,NEC107F-669,Moultrie,06/17/2017,13:15,true,,false,false,false,true,false,false,false,Ok,false,false,false,false,false,Black Bear,1,,0,,0,,,,,
MFDC0040.JPG,100MFCAM,Moultrie,17-Jun-2017,21:40:59,Lauren Satterfield,NEC107F-669,Moultrie,06/17/2017,13:15,true,,false,false,false,true,false,false,false,Ok,true,false,false,false,false,Black Bear,1,,0,,0,,,,,
MFDC0041.JPG,100MFCAM,Moultrie,17-Jun-2017,21:41:01,Lauren Satterfield,NEC107F-669,Moultrie,06/17/2017,13:15,true,,false,false,false,true,false,false,false,Ok,true,false,false,false,false,Black Bear,1,,0,,0,,,,,
MFDC0042.JPG,100MFCAM,Moultrie,17-Jun-2017,21:41:03,Lauren Satterfield,NEC107F-669,Moultrie,06/17/2017,13:15,true,,false,false,false,true,false,false,false,Ok,true,false,false,false,false,Black Bear,1,,0,,0,,,,,
MFDC0043.JPG,100MFCAM,Moultrie,17-Jun-2017,21:41:32,Lauren Satterfield,NEC107F-669,Moultrie,06/17/2017,13:15,true,,false,false,false,true,false,false,false,Ok,true,false,false,false,false,Black Bear,1,,0,,0,,,,,
MFDC0044.JPG,100MFCAM,Moultrie,17-Jun-2017,21:41:34,Lauren Satterfield,NEC107F-669,Moultrie,06/17/2017,13:15,true,,false,false,false,true,false,false,false,Ok,true,false,false,false,false,Black Bear,1,,0,,0,,,,,
MFDC0045.JPG,100MFCAM,Moultrie,17-Jun-2017,21:41:36,Lauren Satterfield,NEC107F-669,Moultrie,06/17/2017,13:15,true,,false,false,false,true,false,false,false,Ok,true,false,false,false,false,Black Bear,1,,0,,0,,,,lactating?,
MFDC0046.JPG,100MFCAM,Moultrie,17-Jun-2017,21:46:02,Lauren Satterfield,NEC107F-669,Moultrie,06/17/2017,13:15,true,,false,false,false,true,false,false,false,Ok,true,false,false,false,false,Black Bear,1,,0,,0,,,,,
MFDC0047.JPG,100MFCAM,Moultrie,18-Jun-2017,02:42:07,Lauren Satterfield,NEC107F-669,Moultrie,06/17/2017,13:15,true,,false,false,false,true,false,false,false,Ok,true,false,false,false,false,Unknown (or Unlisted),1,,0,,0,,,,,
MFDC0048.JPG,100MFCAM,Moultrie,18-Jun-2017,02:48:37,Lauren Satterfield,NEC107F-669,Moultrie,06/17/2017,13:15,true,,false,false,false,true,false,false,false,Ok,true,false,false,false,false,Unknown (or Unlisted),1,,0,,0,,,,cougar behind vegetation?,
MFDC0049.JPG,100MFCAM,Moultrie,18-Jun-2017,03:20:22,Lauren Satterfield,NEC107F-669,Moultrie,06/17/2017,13:15,true,,false,false,false,true,false,false,false,Ok,false,false,false,false,false,Cougar,1,,0,,0,,,,,
MFDC0050.JPG,100MFCAM,Moultrie,18-Jun-2017,03:20:25,Lauren Satterfield,NEC107F-669,Moultrie,06/17/2017,13:15,true,,false,false,false,true,false,false,false,Ok,false,false,false,false,false,Cougar,1,,0,,0,,,,,
MFDC0051.JPG,100MFCAM,Moultrie,18-Jun-2017,03:20:26,Lauren Satterfield,NEC107F-669,Moultrie,06/17/2017,13:15,true,,false,false,false,true,false,false,false,Ok,false,false,false,false,false,Cougar,1,,0,,0,,,,,
MFDC0052.JPG,100MFCAM,Moultrie,18-Jun-2017,03:24:52,Lauren Satterfield,NEC107F-669,Moultrie,06/17/2017,13:15,true,,false,false,false,true,false,false,false,Ok,true,false,false,false,false,Unknown (or Unlisted),1,,0,,0,,,,,
MFDC0053.JPG,100MFCAM,Moultrie,18-Jun-2017,03:24:54,Lauren Satterfield,NEC107F-669,Moultrie,06/17/2017,13:15,true,,false,true,false,false,false,false,false,Ok,false,false,false,false,false,,0,,0,,0,,,,,
MFDC0054.JPG,100MFCAM,Moultrie,18-Jun-2017,06:17:39,Lauren Satterfield,NEC107F-669,Moultrie,06/17/2017,13:15,true,,false,false,false,true,false,false,false,Ok,false,false,false,false,false,Black Bear,1,,0,,0,,,,,
MFDC0055.JPG,100MFCAM,Moultrie,18-Jun-2017,06:18:11,Lauren Satterfield,NEC107F-669,Moultrie,06/17/2017,13:15,true,,false,false,false,true,false,false,false,Ok,false,false,false,false,false,Black Bear,2,,0,,0,,,,,
MFDC0056.JPG,100MFCAM,Moultrie,18-Jun-2017,06:41:24,Lauren Satterfield,NEC107F-669,Moultrie,06/17/2017,13:15,true,,false,false,false,true,false,false,false,Ok,false,false,false,false,false,Black Bear,1,,0,,0,,,,,
MFDC0057.JPG,100MFCAM,Moultrie,18-Jun-2017,06:41:27,Lauren Satterfield,NEC107F-669,Moultrie,06/17/2017,13:15,true,,false,false,false,true,false,false,false,Ok,false,false,false,false,false,Black Bear,1,,0,,0,,,,,
MFDC0058.JPG,100MFCAM,Moultrie,18-Jun-2017,06:41:27,Lauren Satterfield,NEC107F-669,Moultrie,06/17/2017,13:15,true,,false,false,false,true,false,false,false,Ok,false,false,false,false,false,Black Bear,1,,0,,0,,,,,
MFDC0059.JPG,100MFCAM,Moultrie,18-Jun-2017,06:41:56,Lauren Satterfield,NEC107F-669,Moultrie,06/17/2017,13:15,true,,false,false,false,true,false,false,false,Ok,false,false,false,false,false,Black Bear,1,,0,,0,,,,,
MFDC0060.JPG,100MFCAM,Moultrie,18-Jun-2017,06:41:59,Lauren Satterfield,NEC107F-669,Moultrie,06/17/2017,13:15,true,,false,false,false,true,false,false,false,Ok,false,false,false,false,false,Black Bear,1,,0,,0,,,,,
MFDC0061.JPG,100MFCAM,Moultrie,18-Jun-2017,06:41:59,Lauren Satterfield,NEC107F-669,Moultrie,06/17/2017,13:15,true,,false,false,false,true,false,false,false,Ok,false,false,false,false,false,Black Bear,1,,0,,0,,,,,
MFDC0062.JPG,100MFCAM,Moultrie,18-Jun-2017,06:44:58,Lauren Satterfield,NEC107F-669,Moultrie,06/17/2017,13:15,true,,false,true,false,false,false,false,false,Ok,false,false,false,false,false,,0,,0,,0,,,,,
MFDC0063.JPG,100MFCAM,Moultrie,18-Jun-2017,07:31:42,Lauren Satterfield,NEC107F-669,Moultrie,06/17/2017,13:15,true,,false,true,false,false,false,false,false,Ok,false,false,false,false,false,,0,,0,,0,,,,,
MFDC0064.JPG,100MFCAM,Moultrie,18-Jun-2017,08:00:31,Lauren Satterfield,NEC107F-669,Moultrie,06/17/2017,13:15,true,,false,true,false,false,false,false,false,Ok,false,false,false,false,false,,0,,0,,0,,,,,
MFDC0065.JPG,100MFCAM,Moultrie,18-Jun-2017,08:59:17,Lauren Satterfield,NEC107F-669,Moultrie,06/17/2017,13:15,true,,false,true,false,false,false,false,false,Ok,false,false,false,false,false,,0,,0,,0,,,,,
MFDC0066.JPG,100MFCAM,Moultrie,18-Jun-2017,09:48:30,Lauren Satterfield,NEC107F-669,Moultrie,06/17/2017,13:15,true,,false,false,false,true,false,false,false,Ok,false,false,false,false,false,Black Bear,2,,0,,0,,,,cub and mother?,
MFDC0067.JPG,100MFCAM,Moultrie,18-Jun-2017,09:48:33,Lauren Satterfield,NEC107F-669,Moultrie,06/17/2017,13:15,true,,false,false,false,true,false,false,false,Ok,false,false,false,false,false,Black Bear,3,,0,,0,,,,2 cubs + mother?,
MFDC0068.JPG,100MFCAM,Moultrie,18-Jun-2017,09:48:35,Lauren Satterfield,NEC107F-669,Moultrie,06/17/2017,13:15,true,,false,false,false,true,false,false,false,Ok,false,false,false,false,false,Black Bear,3,,0,,0,,,,2 cubs + mother?,
MFDC0069.JPG,100MFCAM,Moultrie,18-Jun-2017,09:49:12,Lauren Satterfield,NEC107F-669,Moultrie,06/17/2017,13:15,true,,false,false,false,true,false,false,false,Ok,false,false,false,false,false,Black Bear,2,,0,,0,,,,,
MFDC0070.JPG,100MFCAM,Moultrie,18-Jun-2017,09:49:14,Lauren Satterfield,NEC107F-669,Moultrie,06/17/2017,13:15,true,,false,false,false,true,false,false,false,Ok,false,false,false,false,false,Black Bear,1,,0,,0,,,,,
MFDC0071.JPG,100MFCAM,Moultrie,18-Jun-2017,09:49:15,Lauren Satterfield,NEC107F-669,Moultrie,06/17/2017,13:15,true,,false,false,false,true,false,false,false,Ok,false,false,false,false,false,Black Bear,2,,0,,0,,,,,
MFDC0072.JPG,100MFCAM,Moultrie,18-Jun-2017,09:49:43,Lauren Satterfield,NEC107F-669,Moultrie,06/17/2017,13:15,true,,false,false,false,true,false,false,false,Ok,false,false,false,false,false,Black Bear,2,,0,,0,,,,,
MFDC0073.JPG,100MFCAM,Moultrie,18-Jun-2017,09:49:45,Lauren Satterfield,NEC107F-669,Moultrie,06/17/2017,13:15,true,,false,false,false,true,false,false,false,Ok,false,false,false,false,false,Black Bear,1,,0,,0,,,,,
MFDC0074.JPG,100MFCAM,Moultrie,18-Jun-2017,09:49:46,Lauren Satterfield,NEC107F-669,Moultrie,06/17/2017,13:15,true,,false,false,false,true,false,false,false,Ok,true,false,false,false,false,Black Bear,1,,0,,0,,,,,
MFDC0075.JPG,100MFCAM,Moultrie,18-Jun-2017,09:50:16,Lauren Satterfield,NEC107F-669,Moultrie,06/17/2017,13:15,true,,false,true,false,false,false,false,false,Ok,false,false,false,false,false,,0,,0,,0,,,,,
MFDC0076.JPG,100MFCAM,Moultrie,18-Jun-2017,09:50:18,Lauren Satterfield,NEC107F-669,Moultrie,06/17/2017,13:15,true,,false,false,false,true,false,false,false,Ok,false,false,false,false,false,Black Bear,2,,0,,0,,,,,
MFDC0077.JPG,100MFCAM,Moultrie,18-Jun-2017,09:50:18,Lauren Satterfield,NEC107F-669,Moultrie,06/17/2017,13:15,true,,false,false,false,true,false,false,false,Ok,false,false,false,false,false,Black Bear,2,,0,,0,,,,,
MFDC0078.JPG,100MFCAM,Moultrie,18-Jun-2017,09:50:47,Lauren Satterfield,NEC107F-669,Moultrie,06/17/2017,13:15,true,,false,false,false,true,false,false,false,Ok,true,false,false,false,false,Black Bear,2,,0,,0,,,,,
MFDC0079.JPG,100MFCAM,Moultrie,18-Jun-2017,09:50:50,Lauren Satterfield,NEC107F-669,Moultrie,06/17/2017,13:15,true,,false,false,false,true,false,false,false,Ok,false,false,false,false,false,Black Bear,3,,0,,0,,,,,
MFDC0080.JPG,100MFCAM,Moultrie,18-Jun-2017,09:50:50,Lauren Satterfield,NEC107F-669,Moultrie,06/17/2017,13:15,true,,false,false,false,true,false,false,false,Ok,false,false,false,false,false,Black Bear,3,,0,,0,,,,,
MFDC0081.JPG,100MFCAM,Moultrie,18-Jun-2017,09:51:19,Lauren Satterfield,NEC107F-669,Moultrie,06/17/2017,13:15,true,,false,false,false,true,false,false,false,Ok,false,false,false,false,false,Black Bear,2,,0,,0,,,,,
MFDC0082.JPG,100MFCAM,Moultrie,18-Jun-2017,09:51:22,Lauren Satterfield,NEC107F-669,Moultrie,06/17/2017,13:15,true,,false,false,false,true,false,false,false,Ok,false,false,false,false,false,Black Bear,3,,0,,0,,,,,
MFDC0083.JPG,100MFCAM,Moultrie,18-Jun-2017,09:51:23,Lauren Satterfield,NEC107F-669,Moultrie,06/17/2017,13:15,true,,false,false,false,true,false,false,false,Ok,false,false,false,false,false,Black Bear,2,,0,,0,,,,,
MFDC0084.JPG,100MFCAM,Moultrie,18-Jun-2017,09:52:11,Lauren Satterfield,NEC107F-669,Moultrie,06/17/2017,13:15,true,,false,false,false,true,false,false,false,Ok,false,false,false,false,false,Black Bear,1,,0,,0,,,,,
MFDC0085.JPG,100MFCAM,Moultrie,18-Jun-2017,09:52:14,Lauren Satterfield,NEC107F-669,Moultrie,06/17/2017,13:15,true,,false,false,false,true,false,false,false,Ok,true,false,false,false,false,Black Bear,1,,0,,0,,,,,
MFDC0086.JPG,100MFCAM,Moultrie,18-Jun-2017,09:52:16,Lauren Satterfield,NEC107F-669,Moultrie,06/17/2017,13:15,true,,false,false,false,true,false,false,false,Ok,true,false,false,false,false,Black Bear,2,,0,,0,,,,,
MFDC0087.JPG,100MFCAM,Moultrie,18-Jun-2017,09:53:47,Lauren Satterfield,NEC107F-669,Moultrie,06/17/2017,13:15,true,,false,false,false,true,false,false,false,Ok,false,false,false,false,false,Black Bear,3,,0,,0,,,,,
MFDC0088.JPG,100MFCAM,Moultrie,18-Jun-2017,09:53:49,Lauren Satterfield,NEC107F-669,Moultrie,06/17/2017,13:15,true,,false,false,false,true,false,false,false,Ok,false,false,false,false,false,Black Bear,2,,0,,0,,,,,
MFDC0089.JPG,100MFCAM,Moultrie,18-Jun-2017,09:53:51,Lauren Satterfield,NEC107F-669,Moultrie,06/17/2017,13:15,true,,false,false,false,true,false,false,false,Ok,true,false,false,false,false,Black Bear,1,,0,,0,,,,,
MFDC0090.JPG,100MFCAM,Moultrie,18-Jun-2017,09:54:21,Lauren Satterfield,NEC107F-669,Moultrie,06/17/2017,13:15,true,,false,false,false,true,false,false,false,Ok,false,false,false,false,false,Black Bear,3,,0,,0,,,,,
MFDC0091.JPG,100MFCAM,Moultrie,18-Jun-2017,09:54:23,Lauren Satterfield,NEC107F-669,Moultrie,06/17/2017,13:15,true,,false,false,false,true,false,false,false,Ok,false,false,false,false,false,Black Bear,2,,0,,0,,,,,
MFDC0092.JPG,100MFCAM,Moultrie,18-Jun-2017,09:54:26,Lauren Satterfield,NEC107F-669,Moultrie,06/17/2017,13:15,true,,false,true,false,false,false,false,false,Ok,false,false,false,false,false,,0,,0,,0,,,,,
MFDC0093.JPG,100MFCAM,Moultrie,18-Jun-2017,09:54:55,Lauren Satterfield,NEC107F-669,Moultrie,06/17/2017,13:15,true,,false,false,false,true,false,false,false,Ok,false,false,false,false,false,Black Bear,2,,0,,0,,,,,
MFDC0094.JPG,100MFCAM,Moultrie,18-Jun-2017,09:54:58,Lauren Satterfield,NEC107F-669,Moultrie,06/17/2017,13:15,true,,false,true,false,false,false,false,false,Ok,false,false,false,false,false,,0,,0,,0,,,,,
MFDC0095.JPG,100MFCAM,Moultrie,18-Jun-2017,09:54:59,Lauren Satterfield,NEC107F-669,Moultrie,06/17/2017,13:15,true,,false,false,false,true,false,false,false,Ok,false,false,false,false,false,Black Bear,1,,0,,0,,,,,
MFDC0096.JPG,100MFCAM,Moultrie,18-Jun-2017,09:56:13,Lauren Satterfield,NEC107F-669,Moultrie,06/17/2017,13:15,true,,false,false,false,true,false,false,false,Ok,false,false,false,false,false,Black Bear,2,,0,,0,,,,,
MFDC0097.JPG,100MFCAM,Moultrie,18-Jun-2017,09:56:15,Lauren Satterfield,NEC107F-669,Moultrie,06/17/2017,13:15,true,,false,false,false,true,false,false,false,Ok,false,false,false,false,false,Black Bear,3,,0,,0,,,,,
MFDC0098.JPG,100MFCAM,Moultrie,18-Jun-2017,09:56:16,Lauren Satterfield,NEC107F-669,Moultrie,06/17/2017,13:15,true,,false,false,false,true,false,false,false,Ok,false,false,false,false,false,Black Bear,3,,0,,0,,,,,
MFDC0099.JPG,100MFCAM,Moultrie,18-Jun-2017,09:56:44,Lauren Satterfield,NEC107F-669,Moultrie,06/17/2017,13:15,true,,false,false,false,true,false,false,false,Ok,false,false,false,false,false,Black Bear,2,,0,,0,,,,,
MFDC0100.JPG,100MFCAM,Moultrie,18-Jun-2017,09:56:46,Lauren Satterfield,NEC107F-669,Moultrie,06/17/2017,13:15,true,,false,false,false,true,false,false,false,Ok,false,false,false,false,false,Black Bear,2,,0,,0,,,,,
MFDC0101.JPG,100MFCAM,Moultrie,18-Jun-2017,09:56:47,Lauren Satterfield,NEC107F-669,Moultrie,06/17/2017,13:15,true,,false,false,false,true,false,false,false,Ok,false,false,false,false,false,Black Bear,2,,0,,0,,,,,
MFDC0102.JPG,100MFCAM,Moultrie,18-Jun-2017,09:57:23,Lauren Satterfield,NEC107F-669,Moultrie,06/17/2017,13:15,true,,false,false,false,true,false,false,false,Ok,false,false,false,false,false,Black Bear,2,,0,,0,,,,,
MFDC0103.JPG,100MFCAM,Moultrie,18-Jun-2017,09:57:25,Lauren Satterfield,NEC107F-669,Moultrie,06/17/2017,13:15,true,,false,false,false,true,false,false,false,Ok,false,false,false,false,false,Black Bear,2,,0,,0,,,,,
MFDC0104.JPG,100MFCAM,Moultrie,18-Jun-2017,09:59:14,Lauren Satterfield,NEC107F-669,Moultrie,06/17/2017,13:15,true,,false,true,false,false,false,false,false,Ok,false,false,false,false,false,,0,,0,,0,,,,,
MFDC0105.JPG,100MFCAM,Moultrie,18-Jun-2017,09:59:17,Lauren Satterfield,NEC107F-669,Moultrie,06/17/2017,13:15,true,,false,false,false,true,false,false,false,Ok,false,false,false,false,false,Black Bear,1,,0,,0,,,,,
MFDC0106.JPG,100MFCAM,Moultrie,18-Jun-2017,09:59:18,Lauren Satterfield,NEC107F-669,Moultrie,06/17/2017,13:15,true,,false,false,false,true,false,false,false,Ok,false,false,false,false,false,Black Bear,1,,0,,0,,,,,
MFDC0107.JPG,100MFCAM,Moultrie,18-Jun-2017,10:01:22,Lauren Satterfield,NEC107F-669,Moultrie,06/17/2017,13:15,true,,false,false,false,true,false,false,false,Ok,false,false,false,false,false,Black Bear,1,,0,,0,,,,,
MFDC0108.JPG,100MFCAM,Moultrie,18-Jun-2017,10:02:09,Lauren Satterfield,NEC107F-669,Moultrie,06/17/2017,13:15,true,,false,false,false,true,false,false,false,Ok,false,false,false,false,false,Black Bear,1,,0,,0,,,,,
MFDC0109.JPG,100MFCAM,Moultrie,18-Jun-2017,10:02:11,Lauren Satterfield,NEC107F-669,Moultrie,06/17/2017,13:15,true,,false,false,false,true,false,false,false,Ok,false,false,false,false,false,Black Bear,2,,0,,0,,,,,
MFDC0110.JPG,100MFCAM,Moultrie,18-Jun-2017,10:02:12,Lauren Satterfield,NEC107F-669,Moultrie,06/17/2017,13:15,true,,false,false,false,true,false,false,false,Ok,false,false,false,false,false,Black Bear,2,,0,,0,,,,,
MFDC0111.JPG,100MFCAM,Moultrie,18-Jun-2017,10:02:48,Lauren Satterfield,NEC107F-669,Moultrie,06/17/2017,13:15,true,,false,false,false,true,false,false,false,Ok,false,false,false,false,false,Black Bear,1,,0,,0,,,,,
MFDC0112.JPG,100MFCAM,Moultrie,18-Jun-2017,10:02:50,Lauren Satterfield,NEC107F-669,Moultrie,06/17/2017,13:15,true,,false,false,false,true,false,false,false,Ok,false,false,false,false,false,Black Bear,1,,0,,0,,,,,
MFDC0113.JPG,100MFCAM,Moultrie,18-Jun-2017,10:02:51,Lauren Satterfield,NEC107F-669,Moultrie,06/17/2017,13:15,true,,false,false,false,true,false,false,false,Ok,false,false,false,false,false,Black Bear,3,,0,,0,,,,"one cub behind leaves, one up front",
MFDC0114.JPG,100MFCAM,Moultrie,18-Jun-2017,10:46:43,Lauren Satterfield,NEC107F-669,Moultrie,06/17/2017,13:15,true,,false,true,false,false,false,false,false,Ok,false,false,false,false,false,,0,,0,,0,,,,,
MFDC0115.JPG,100MFCAM,Moultrie,18-Jun-2017,13:58:40,Lauren Satterfield,NEC107F-669,Moultrie,06/17/2017,13:15,true,,false,true,false,false,false,false,false,Ok,false,false,false,false,false,,0,,0,,0,,,,,
MFDC0116.JPG,100MFCAM,Moultrie,18-Jun-2017,20:04:11,Lauren Satterfield,NEC107F-669,Moultrie,06/17/2017,13:15,true,,false,false,false,true,false,false,false,Ok,false,false,false,false,false,Black Bear,1,,0,,0,,,,,
MFDC0117.JPG,100MFCAM,Moultrie,18-Jun-2017,20:04:13,Lauren Satterfield,NEC107F-669,Moultrie,06/17/2017,13:15,true,,false,false,false,true,false,false,false,Ok,false,false,false,false,false,Black Bear,1,,0,,0,,,,,
MFDC0118.JPG,100MFCAM,Moultrie,18-Jun-2017,20:04:44,Lauren Satterfield,NEC107F-669,Moultrie,06/17/2017,13:15,true,,false,false,false,true,false,false,false,Ok,false,false,false,false,false,Black Bear,1,,0,,0,,,,,
MFDC0119.JPG,100MFCAM,Moultrie,18-Jun-2017,20:04:46,Lauren Satterfield,NEC107F-669,Moultrie,06/17/2017,13:15,true,,false,false,false,true,false,false,false,Ok,false,false,false,false,false,Black Bear,1,,0,,0,,,,,
MFDC0120.JPG,100MFCAM,Moultrie,18-Jun-2017,20:04:47,Lauren Satterfield,NEC107F-669,Moultrie,06/17/2017,13:15,true,,false,false,false,true,false,false,false,Ok,false,false,false,false,false,Black Bear,1,,0,,0,,,,,
MFDC0121.JPG,100MFCAM,Moultrie,18-Jun-2017,21:21:18,Lauren Satterfield,NEC107F-669,Moultrie,06/17/2017,13:15,true,,false,false,false,true,false,false,false,Ok,false,false,false,false,false,Black Bear,1,,0,,0,,,,,
MFDC0122.JPG,100MFCAM,Moultrie,18-Jun-2017,21:21:20,Lauren Satterfield,NEC107F-669,Moultrie,06/17/2017,13:15,true,,false,false,false,true,false,false,false,Ok,false,false,false,false,false,Black Bear,1,,0,,0,,,,,
MFDC0123.JPG,100MFCAM,Moultrie,18-Jun-2017,21:21:22,Lauren Satterfield,NEC107F-669,Moultrie,06/17/2017,13:15,true,,false,false,false,true,false,false,false,Ok,false,false,false,false,false,Black Bear,1,,0,,0,,,,,
MFDC0124.JPG,100MFCAM,Moultrie,18-Jun-2017,21:21:53,Lauren Satterfield,NEC107F-669,Moultrie,06/17/2017,13:15,true,,false,true,false,false,false,false,false,Ok,false,false,false,false,false,,0,,0,,0,,,,,
MFDC0125.JPG,100MFCAM,Moultrie,19-Jun-2017,06:46:36,Lauren Satterfield,NEC107F-669,Moultrie,06/17/2017,13:15,true,,false,false,false,true,false,false,false,Ok,false,false,false,false,false,Black Bear,1,,0,,0,,,,,
MFDC0126.JPG,100MFCAM,Moultrie,19-Jun-2017,06:46:38,Lauren Satterfield,NEC107F-669,Moultrie,06/17/2017,13:15,true,,false,false,false,true,false,false,false,Ok,false,false,false,false,false,Black Bear,1,,0,,0,,,,,
MFDC0127.JPG,100MFCAM,Moultrie,19-Jun-2017,06:46:39,Lauren Satterfield,NEC107F-669,Moultrie,06/17/2017,13:15,true,,false,true,false,false,false,false,false,Ok,false,false,false,false,false,,0,,0,,0,,,,,
MFDC0128.JPG,100MFCAM,Moultrie,19-Jun-2017,16:37:50,Lauren Satterfield,NEC107F-669,Moultrie,06/17/2017,13:15,true,,false,true,false,false,false,false,false,Ok,false,false,false,false,false,,0,,0,,0,,,,,
MFDC0129.JPG,100MFCAM,Moultrie,19-Jun-2017,18:50:45,Lauren Satterfield,NEC107F-669,Moultrie,06/17/2017,13:15,true,,false,false,false,true,false,false,false,Ok,false,false,false,false,true,Black Bear,1,,0,,0,,,,,
MFDC0130.JPG,100MFCAM,Moultrie,21-Jun-2017,16:41:23,Lauren Satterfield,NEC107F-669,Moultrie,06/17/2017,13:15,true,,false,true,false,false,false,false,false,Ok,false,false,false,false,false,,0,,0,,0,,,,,
MFDC0131.JPG,100MFCAM,Moultrie,22-Jun-2017,11:29:58,Lauren Satterfield,NEC107F-669,Moultrie,06/17/2017,13:15,true,,false,false,false,true,false,false,false,Ok,false,false,false,false,false,Black Bear,1,,0,,0,,,,,
MFDC0132.JPG,100MFCAM,Moultrie,22-Jun-2017,11:30:00,Lauren Satterfield,NEC107F-669,Moultrie,06/17/2017,13:15,true,,false,false,false,true,false,false,false,Ok,false,false,false,false,false,Black Bear,1,,0,,0,,,,,
MFDC0133.JPG,100MFCAM,Moultrie,22-Jun-2017,11:30:01,Lauren Satterfield,NEC107F-669,Moultrie,06/17/2017,13:15,true,,false,false,false,true,false,false,false,Ok,false,false,false,false,false,Black Bear,1,,0,,0,,,,,
MFDC0134.JPG,100MFCAM,Moultrie,22-Jun-2017,11:30:30,Lauren Satterfield,NEC107F-669,Moultrie,06/17/2017,13:15,true,,false,true,false,false,false,false,false,Ok,false,false,false,false,false,,0,,0,,0,,,,,
MFDC0135.JPG,100MFCAM,Moultrie,22-Jun-2017,11:30:33,Lauren Satterfield,NEC107F-669,Moultrie,06/17/2017,13:15,true,,false,false,false,true,false,false,false,Ok,false,false,false,false,false,Black Bear,1,,0,,0,,,,,
MFDC0136.JPG,100MFCAM,Moultrie,22-Jun-2017,11:30:33,Lauren Satterfield,NEC107F-669,Moultrie,06/17/2017,13:15,true,,false,false,false,true,false,false,false,Ok,false,false,false,false,false,Black Bear,1,,0,,0,,,,,
MFDC0137.JPG,100MFCAM,Moultrie,22-Jun-2017,11:31:02,Lauren Satterfield,NEC107F-669,Moultrie,06/17/2017,13:15,true,,false,false,false,true,false,false,false,Ok,false,false,false,false,false,Black Bear,1,,0,,0,,,,,
MFDC0138.JPG,100MFCAM,Moultrie,22-Jun-2017,11:31:05,Lauren Satterfield,NEC107F-669,Moultrie,06/17/2017,13:15,true,,false,false,false,true,false,false,false,Ok,false,false,false,false,false,Black Bear,1,,0,,0,,,,,
MFDC0139.JPG,100MFCAM,Moultrie,22-Jun-2017,11:31:06,Lauren Satterfield,NEC107F-669,Moultrie,06/17/2017,13:15,true,,false,false,false,true,false,false,false,Ok,false,false,false,false,false,Black Bear,1,,0,,0,,,,,
MFDC0140.JPG,100MFCAM,Moultrie,22-Jun-2017,11:31:35,Lauren Satterfield,NEC107F-669,Moultrie,06/17/2017,13:15,true,,false,true,false,false,false,false,false,Ok,false,false,false,false,false,,0,,0,,0,,,,,
MFDC0141.JPG,100MFCAM,Moultrie,22-Jun-2017,11:31:37,Lauren Satterfield,NEC107F-669,Moultrie,06/17/2017,13:15,true,,false,true,false,false,false,false,false,Ok,false,false,false,false,false,,0,,0,,0,,,,,
MFDC0142.JPG,100MFCAM,Moultrie,22-Jun-2017,12:01:58,Lauren Satterfield,NEC107F-669,Moultrie,06/17/2017,13:15,true,,false,true,false,false,false,false,false,Ok,false,false,false,false,false,,0,,0,,0,,,,,
MFDC0143.JPG,100MFCAM,Moultrie,22-Jun-2017,12:04:14,Lauren Satterfield,NEC107F-669,Moultrie,06/17/2017,13:15,true,,false,true,false,false,false,false,false,Ok,false,false,false,false,false,,0,,0,,0,,,,,
MFDC0144.JPG,100MFCAM,Moultrie,22-Jun-2017,12:39:13,Lauren Satterfield,NEC107F-669,Moultrie,06/17/2017,13:15,true,,false,true,false,false,false,false,false,Ok,false,false,false,false,false,,0,,0,,0,,,,,
MFDC0145.JPG,100MFCAM,Moultrie,22-Jun-2017,13:11:13,Lauren Satterfield,NEC107F-669,Moultrie,06/17/2017,13:15,true,,false,true,false,false,false,false,false,Ok,false,false,false,false,false,,0,,0,,0,,,,,
MFDC0146.JPG,100MFCAM,Moultrie,22-Jun-2017,13:17:25,Lauren Satterfield,NEC107F-669,Moultrie,06/17/2017,13:15,true,,false,true,false,false,false,false,false,Ok,false,false,false,false,false,,0,,0,,0,,,,,
MFDC0147.JPG,100MFCAM,Moultrie,22-Jun-2017,17:16:50,Lauren Satterfield,NEC107F-669,Moultrie,06/17/2017,13:15,true,,false,false,false,true,false,false,false,Ok,false,false,false,false,false,Cougar,1,,0,,0,,,,,
MFDC0148.JPG,100MFCAM,Moultrie,22-Jun-2017,17:16:52,Lauren Satterfield,NEC107F-669,Moultrie,06/17/2017,13:15,true,,false,false,false,true,false,false,true,Ok,false,false,false,false,false,Cougar,1,,0,,0,,,,,
MFDC0149.JPG,100MFCAM,Moultrie,22-Jun-2017,17:16:53,Lauren Satterfield,NEC107F-669,Moultrie,06/17/2017,13:15,true,,false,false,false,true,false,false,false,Ok,false,false,false,false,false,Cougar,1,,0,,0,,,,,
MFDC0150.JPG,100MFCAM,Moultrie,23-Jun-2017,12:42:51,Lauren Satterfield,NEC107F-669,Moultrie,06/17/2017,13:15,true,,false,true,false,false,false,false,false,Ok,false,false,false,false,false,,0,,0,,0,,,,,
MFDC0151.JPG,100MFCAM,Moultrie,23-Jun-2017,13:17:46,Lauren Satterfield,NEC107F-669,Moultrie,06/17/2017,13:15,true,,false,true,false,false,false,false,false,Ok,false,false,false,false,false,,0,,0,,0,,,,,
MFDC0152.JPG,100MFCAM,Moultrie,23-Jun-2017,16:22:40,Lauren Satterfield,NEC107F-669,Moultrie,06/17/2017,13:15,true,,false,true,false,false,false,false,false,Ok,false,false,false,false,false,,0,,0,,0,,,,,
MFDC0153.JPG,100MFCAM,Moultrie,23-Jun-2017,16:22:42,Lauren Satterfield,NEC107F-669,Moultrie,06/17/2017,13:15,true,,false,true,false,false,false,false,false,Ok,false,false,false,false,false,,0,,0,,0,,,,,
MFDC0154.JPG,100MFCAM,Moultrie,23-Jun-2017,19:24:16,Lauren Satterfield,NEC107F-669,Moultrie,06/17/2017,13:15,true,,false,false,false,true,false,false,false,Ok,false,false,false,false,true,Other Bird,1,,0,,0,,,,"right side, bird?",
MFDC0155.JPG,100MFCAM,Moultrie,23-Jun-2017,23:48:34,Lauren Satterfield,NEC107F-669,Moultrie,06/17/2017,13:15,true,,false,true,false,false,false,false,false,Ok,true,false,false,false,false,,0,,0,,0,,,,,
MFDC0156.JPG,100MFCAM,Moultrie,24-Jun-2017,00:24:22,Lauren Satterfield,NEC107F-669,Moultrie,06/17/2017,13:15,true,,false,false,false,true,false,false,false,Ok,true,false,false,false,false,Small Mammal,1,,0,,0,,,,,
MFDC0157.JPG,100MFCAM,Moultrie,24-Jun-2017,13:38:22,Lauren Satterfield,NEC107F-669,Moultrie,06/17/2017,13:15,true,,false,true,false,false,false,false,false,Ok,false,false,false,false,false,,0,,0,,0,,,,,
MFDC0158.JPG,100MFCAM,Moultrie,25-Jun-2017,01:20:51,Lauren Satterfield,NEC107F-669,Moultrie,06/17/2017,13:15,true,,false,true,false,false,false,false,false,Ok,true,false,false,false,false,,0,,0,,0,,,,,
MFDC0159.JPG,100MFCAM,Moultrie,25-Jun-2017,01:30:40,Lauren Satterfield,NEC107F-669,Moultrie,06/17/2017,13:15,true,,false,true,false,false,false,false,false,Ok,true,false,false,false,false,,0,,0,,0,,,,,
MFDC0160.JPG,100MFCAM,Moultrie,25-Jun-2017,08:07:09,Lauren Satterfield,NEC107F-669,Moultrie,06/17/2017,13:15,true,,false,true,false,false,false,false,false,Ok,false,false,false,false,false,,0,,0,,0,,,,,
MFDC0161.JPG,100MFCAM,Moultrie,25-Jun-2017,08:12:45,Lauren Satterfield,NEC107F-669,Moultrie,06/17/2017,13:15,true,,false,true,false,false,false,false,false,Ok,false,false,false,false,false,,0,,0,,0,,,,,
MFDC0162.JPG,100MFCAM,Moultrie,25-Jun-2017,11:14:07,Lauren Satterfield,NEC107F-669,Moultrie,06/17/2017,13:15,true,,false,true,false,false,false,false,false,Ok,false,false,false,false,false,,0,,0,,0,,,,,
MFDC0163.JPG,100MFCAM,Moultrie,25-Jun-2017,12:56:23,Lauren Satterfield,NEC107F-669,Moultrie,06/17/2017,13:15,true,,false,true,false,false,false,false,false,Ok,false,false,false,false,false,,0,,0,,0,,,,,
MFDC0164.JPG,100MFCAM,Moultrie,25-Jun-2017,13:17:19,Lauren Satterfield,NEC107F-669,Moultrie,06/17/2017,13:15,true,,false,true,false,false,false,false,false,Ok,false,false,false,false,false,,0,,0,,0,,,,,
MFDC0165.JPG,100MFCAM,Moultrie,25-Jun-2017,13:18:25,Lauren Satterfield,NEC107F-669,Moultrie,06/17/2017,13:15,true,,false,true,false,false,false,false,false,Ok,false,false,false,false,false,,0,,0,,0,,,,,
MFDC0166.JPG,100MFCAM,Moultrie,25-Jun-2017,19:08:52,Lauren Satterfield,NEC107F-669,Moultrie,06/17/2017,13:15,true,,false,true,false,false,false,false,false,Ok,false,false,false,false,false,,0,,0,,0,,,,,
MFDC0167.JPG,100MFCAM,Moultrie,26-Jun-2017,00:38:05,Lauren Satterfield,NEC107F-669,Moultrie,06/17/2017,13:15,true,,false,true,false,false,false,false,false,Ok,true,false,false,false,false,,0,,0,,0,,,,,
MFDC0168.JPG,100MFCAM,Moultrie,26-Jun-2017,07:54:59,Lauren Satterfield,NEC107F-669,Moultrie,06/17/2017,13:15,true,,false,true,false,false,false,false,false,Ok,false,false,false,false,false,,0,,0,,0,,,,,
MFDC0169.JPG,100MFCAM,Moultrie,26-Jun-2017,13:45:34,Lauren Satterfield,NEC107F-669,Moultrie,06/17/2017,13:15,true,,false,true,false,false,false,false,false,Ok,false,false,false,false,false,,0,,0,,0,,,,,
MFDC0170.JPG,100MFCAM,Moultrie,26-Jun-2017,13:49:44,Lauren Satterfield,NEC107F-669,Moultrie,06/17/2017,13:15,true,,false,true,false,false,false,false,false,Ok,false,false,false,false,false,,0,,0,,0,,,,,
MFDC0171.JPG,100MFCAM,Moultrie,26-Jun-2017,21:40:12,Lauren Satterfield,NEC107F-669,Moultrie,06/17/2017,13:15,true,,false,false,false,true,false,false,false,Ok,true,false,false,false,false,Small Mammal,1,,0,,0,,,,"left edge of flash, moving into bushes",
MFDC0172.JPG,100MFCAM,Moultrie,26-Jun-2017,21:41:37,Lauren Satterfield,NEC107F-669,Moultrie,06/17/2017,13:15,true,,false,false,false,true,false,false,false,Ok,true,false,false,false,false,Small Mammal,1,,0,,0,,,,"moving into bushes, left of flash",
MFDC0173.JPG,100MFCAM,Moultrie,26-Jun-2017,23:22:40,Lauren Satterfield,NEC107F-669,Moultrie,06/17/2017,13:15,true,,false,true,false,false,false,false,false,Ok,true,false,false,false,false,,0,,0,,0,,,,,
MFDC0174.JPG,100MFCAM,Moultrie,26-Jun-2017,23:38:51,Lauren Satterfield,NEC107F-669,Moultrie,06/17/2017,13:15,true,,false,true,false,false,false,false,false,Ok,true,false,false,false,false,,0,,0,,0,,,,,
MFDC0175.JPG,100MFCAM,Moultrie,27-Jun-2017,06:56:31,Lauren Satterfield,NEC107F-669,Moultrie,06/17/2017,13:15,true,,false,true,false,false,false,false,false,Ok,false,false,false,false,false,,0,,0,,0,,,,,
MFDC0176.JPG,100MFCAM,Moultrie,29-Jun-2017,03:55:06,Lauren Satterfield,NEC107F-669,Moultrie,06/17/2017,13:15,true,,false,true,false,false,false,false,false,Ok,true,false,false,false,false,,0,,0,,0,,,,,
MFDC0177.JPG,100MFCAM,Moultrie,29-Jun-2017,07:37:13,Lauren Satterfield,NEC107F-669,Moultrie,06/17/2017,13:15,true,,false,false,false,true,false,false,false,Ok,false,false,false,false,false,Small Mammal,1,,0,,0,,,,squirrel?,
MFDC0178.JPG,100MFCAM,Moultrie,29-Jun-2017,07:37:15,Lauren Satterfield,NEC107F-669,Moultrie,06/17/2017,13:15,true,,false,false,false,true,false,false,false,Ok,false,false,false,false,false,Small Mammal,1,,0,,0,,,,squirrel?,
MFDC0179.JPG,100MFCAM,Moultrie,30-Jun-2017,13:02:30,Lauren Satterfield,NEC107F-669,Moultrie,06/17/2017,13:15,true,,false,true,false,false,false,false,false,Ok,false,false,false,false,false,,0,,0,,0,,,,,
MFDC0180.JPG,100MFCAM,Moultrie,30-Jun-2017,13:06:34,Lauren Satterfield,NEC107F-669,Moultrie,06/17/2017,13:15,true,,false,true,false,false,false,false,false,Ok,false,false,false,false,false,,0,,0,,0,,,,,
MFDC0181.JPG,100MFCAM,Moultrie,30-Jun-2017,23:29:10,Lauren Satterfield,NEC107F-669,Moultrie,06/17/2017,13:15,true,,false,true,false,false,false,false,false,Ok,true,false,false,false,false,,0,,0,,0,,,,,
MFDC0182.JPG,100MFCAM,Moultrie,01-Jul-2017,02:00:24,Lauren Satterfield,NEC107F-669,Moultrie,06/17/2017,13:15,true,,false,true,false,false,false,false,false,Ok,true,false,false,false,false,,0,,0,,0,,,,,
MFDC0183.JPG,100MFCAM,Moultrie,01-Jul-2017,13:04:30,Lauren Satterfield,NEC107F-669,Moultrie,06/17/2017,13:15,true,,false,true,false,false,false,false,false,Ok,false,false,false,false,false,,0,,0,,0,,,,,
MFDC0184.JPG,100MFCAM,Moultrie,01-Jul-2017,13:04:32,Lauren Satterfield,NEC107F-669,Moultrie,06/17/2017,13:15,true,,false,true,false,false,false,false,false,Ok,false,false,false,false,false,,0,,0,,0,,,,,
MFDC0185.JPG,100MFCAM,Moultrie,01-Jul-2017,13:08:17,Lauren Satterfield,NEC107F-669,Moultrie,06/17/2017,13:15,true,,false,true,false,false,false,false,false,Ok,false,false,false,false,false,,0,,0,,0,,,,,
MFDC0186.JPG,100MFCAM,Moultrie,01-Jul-2017,13:21:06,Lauren Satterfield,NEC107F-669,Moultrie,06/17/2017,13:15,true,,false,true,false,false,false,false,false,Ok,false,false,false,false,false,,0,,0,,0,,,,,
MFDC0187.JPG,100MFCAM,Moultrie,01-Jul-2017,13:21:09,Lauren Satterfield,NEC107F-669,Moultrie,06/17/2017,13:15,true,,false,true,false,false,false,false,false,Ok,false,false,false,false,false,,0,,0,,0,,,,,
MFDC0188.JPG,100MFCAM,Moultrie,01-Jul-2017,13:21:10,Lauren Satterfield,NEC107F-669,Moultrie,06/17/2017,13:15,true,,false,true,false,false,false,false,false,Ok,false,false,false,false,false,,0,,0,,0,,,,,
MFDC0189.JPG,100MFCAM,Moultrie,01-Jul-2017,13:43:56,Lauren Satterfield,NEC107F-669,Moultrie,06/17/2017,13:15,true,,false,true,false,false,false,false,false,Ok,false,false,false,false,false,,0,,0,,0,,,,,
MFDC0190.JPG,100MFCAM,Moultrie,01-Jul-2017,13:43:58,Lauren Satterfield,NEC107F-669,Moultrie,06/17/2017,13:15,true,,false,true,false,false,false,false,false,Ok,false,false,false,false,false,,0,,0,,0,,,,,
MFDC0191.JPG,100MFCAM,Moultrie,02-Jul-2017,01:36:07,Lauren Satterfield,NEC107F-669,Moultrie,06/17/2017,13:15,true,,false,true,false,false,false,false,false,Ok,true,false,false,false,false,,0,,0,,0,,,,,
MFDC0192.JPG,100MFCAM,Moultrie,02-Jul-2017,11:46:52,Lauren Satterfield,NEC107F-669,Moultrie,06/17/2017,13:15,true,,false,true,false,false,false,false,false,Ok,false,false,false,false,false,,0,,0,,0,,,,,
MFDC0193.JPG,100MFCAM,Moultrie,02-Jul-2017,12:57:42,Lauren Satterfield,NEC107F-669,Moultrie,06/17/2017,13:15,true,,false,true,false,false,false,false,false,Ok,false,false,false,false,false,,0,,0,,0,,,,,
MFDC0194.JPG,100MFCAM,Moultrie,02-Jul-2017,13:34:08,Lauren Satterfield,NEC107F-669,Moultrie,06/17/2017,13:15,true,,false,true,false,false,false,false,false,Ok,false,false,false,false,false,,0,,0,,0,,,,,
MFDC0195.JPG,100MFCAM,Moultrie,02-Jul-2017,13:34:10,Lauren Satterfield,NEC107F-669,Moultrie,06/17/2017,13:15,true,,false,true,false,false,false,false,false,Ok,false,false,false,false,false,,0,,0,,0,,,,,
MFDC0196.JPG,100MFCAM,Moultrie,02-Jul-2017,14:17:14,Lauren Satterfield,NEC107F-669,Moultrie,06/17/2017,13:15,true,,false,true,false,false,false,false,false,Ok,false,false,false,false,false,,0,,0,,0,,,,,
MFDC0197.JPG,100MFCAM,Moultrie,03-Jul-2017,13:08:36,Lauren Satterfield,NEC107F-669,Moultrie,06/17/2017,13:15,true,,false,true,false,false,false,false,false,Ok,false,false,false,false,false,,0,,0,,0,,,,,
MFDC0198.JPG,100MFCAM,Moultrie,03-Jul-2017,13:21:57,Lauren Satterfield,NEC107F-669,Moultrie,06/17/2017,13:15,true,,false,true,false,false,false,false,false,Ok,false,false,false,false,false,,0,,0,,0,,,,,
MFDC0199.JPG,100MFCAM,Moultrie,03-Jul-2017,13:22:45,Lauren Satterfield,NEC107F-669,Moultrie,06/17/2017,13:15,true,,false,true,false,false,false,false,false,Ok,false,false,false,false,false,,0,,0,,0,,,,,
MFDC0200.JPG,100MFCAM,Moultrie,03-Jul-2017,13:26:49,Lauren Satterfield,NEC107F-669,Moultrie,06/17/2017,13:15,true,,false,true,false,false,false,false,false,Ok,false,false,false,false,false,,0,,0,,0,,,,,
MFDC0201.JPG,100MFCAM,Moultrie,03-Jul-2017,13:34:46,Lauren Satterfield,NEC107F-669,Moultrie,06/17/2017,13:15,true,,false,true,false,false,false,false,false,Ok,false,false,false,false,false,,0,,0,,0,,,,,
MFDC0202.JPG,100MFCAM,Moultrie,03-Jul-2017,13:35:40,Lauren Satterfield,NEC107F-669,Moultrie,06/17/2017,13:15,true,,false,true,false,false,false,false,false,Ok,false,false,false,false,false,,0,,0,,0,,,,,
MFDC0203.JPG,100MFCAM,Moultrie,03-Jul-2017,23:57:14,Lauren Satterfield,NEC107F-669,Moultrie,06/17/2017,13:15,true,,false,true,false,false,false,false,false,Ok,true,false,false,false,false,,0,,0,,0,,,,,
MFDC0204.JPG,100MFCAM,Moultrie,04-Jul-2017,03:40:40,Lauren Satterfield,NEC107F-669,Moultrie,06/17/2017,13:15,true,,false,true,false,false,false,false,false,Ok,true,false,false,false,false,,0,,0,,0,,,,,
MFDC0205.JPG,100MFCAM,Moultrie,04-Jul-2017,13:00:37,Lauren Satterfield,NEC107F-669,Moultrie,06/17/2017,13:15,true,,false,true,false,false,false,false,false,Ok,false,false,false,false,false,,0,,0,,0,,,,,
MFDC0206.JPG,100MFCAM,Moultrie,05-Jul-2017,12:56:54,Lauren Satterfield,NEC107F-669,Moultrie,06/17/2017,13:15,true,,false,true,false,false,false,false,false,Ok,false,false,false,false,false,,0,,0,,0,,,,,
MFDC0207.JPG,100MFCAM,Moultrie,05-Jul-2017,13:05:33,Lauren Satterfield,NEC107F-669,Moultrie,06/17/2017,13:15,true,,false,true,false,false,false,false,false,Ok,false,false,false,false,false,,0,,0,,0,,,,,
MFDC0208.JPG,100MFCAM,Moultrie,05-Jul-2017,13:05:35,Lauren Satterfield,NEC107F-669,Moultrie,06/17/2017,13:15,true,,false,true,false,false,false,false,false,Ok,false,false,false,false,false,,0,,0,,0,,,,,
MFDC0209.JPG,100MFCAM,Moultrie,05-Jul-2017,13:05:36,Lauren Satterfield,NEC107F-669,Moultrie,06/17/2017,13:15,true,,false,true,false,false,false,false,false,Ok,false,false,false,false,false,,0,,0,,0,,,,,
MFDC0210.JPG,100MFCAM,Moultrie,05-Jul-2017,13:06:05,Lauren Satterfield,NEC107F-669,Moultrie,06/17/2017,13:15,true,,false,true,false,false,false,false,false,Ok,false,false,false,false,false,,0,,0,,0,,,,,
MFDC0211.JPG,100MFCAM,Moultrie,05-Jul-2017,13:06:07,Lauren Satterfield,NEC107F-669,Moultrie,06/17/2017,13:15,true,,false,true,false,false,false,false,false,Ok,false,false,false,false,false,,0,,0,,0,,,,,
MFDC0212.JPG,100MFCAM,Moultrie,05-Jul-2017,13:28:15,Lauren Satterfield,NEC107F-669,Moultrie,06/17/2017,13:15,true,,false,true,false,false,false,false,false,Ok,false,false,false,false,false,,0,,0,,0,,,,,
MFDC0213.JPG,100MFCAM,Moultrie,05-Jul-2017,16:12:29,Lauren Satterfield,NEC107F-669,Moultrie,06/17/2017,13:15,true,,false,false,false,true,false,false,false,Ok,false,false,false,false,true,Small Mammal,1,,0,,0,,,,,
MFDC0214.JPG,100MFCAM,Moultrie,05-Jul-2017,16:13:06,Lauren Satterfield,NEC107F-669,Moultrie,06/17/2017,13:15,true,,false,false,false,true,false,false,false,Ok,false,false,false,false,false,Small Mammal,1,,0,,0,,,,,
MFDC0215.JPG,100MFCAM,Moultrie,06-Jul-2017,02:18:58,Lauren Satterfield,NEC107F-669,Moultrie,06/17/2017,13:15,true,,false,true,false,false,false,false,false,Ok,true,false,false,false,false,,0,,0,,0,,,,,
MFDC0216.JPG,100MFCAM,Moultrie,06-Jul-2017,02:56:02,Lauren Satterfield,NEC107F-669,Moultrie,06/17/2017,13:15,true,,false,true,false,false,false,false,false,Ok,true,false,false,false,false,,0,,0,,0,,,,,
MFDC0217.JPG,100MFCAM,Moultrie,06-Jul-2017,12:58:04,Lauren Satterfield,NEC107F-669,Moultrie,06/17/2017,13:15,true,,false,true,false,false,false,false,false,Ok,false,false,false,false,false,,0,,0,,0,,,,,
MFDC0218.JPG,100MFCAM,Moultrie,06-Jul-2017,13:16:03,Lauren Satterfield,NEC107F-669,Moultrie,06/17/2017,13:15,true,,false,true,false,false,false,false,false,Ok,false,false,false,false,false,,0,,0,,0,,,,,
MFDC0219.JPG,100MFCAM,Moultrie,06-Jul-2017,17:23:08,Lauren Satterfield,NEC107F-669,Moultrie,06/17/2017,13:15,true,,false,false,false,true,false,false,false,Ok,false,false,false,false,false,Small Mammal,1,,0,,0,,,,,
MFDC0220.JPG,100MFCAM,Moultrie,06-Jul-2017,17:23:10,Lauren Satterfield,NEC107F-669,Moultrie,06/17/2017,13:15,true,,false,false,false,true,false,false,false,Ok,false,false,false,false,true,Small Mammal,1,,0,,0,,,,,
MFDC0221.JPG,100MFCAM,Moultrie,07-Jul-2017,12:05:16,Lauren Satterfield,NEC107F-669,Moultrie,06/17/2017,13:15,true,,false,false,false,true,false,false,false,Ok,false,false,false,false,false,Other Bird,1,,0,,0,,,,,
MFDC0222.JPG,100MFCAM,Moultrie,07-Jul-2017,12:19:06,Lauren Satterfield,NEC107F-669,Moultrie,06/17/2017,13:15,true,,false,true,false,false,false,false,false,Ok,false,false,false,false,false,,0,,0,,0,,,,,
MFDC0223.JPG,100MFCAM,Moultrie,07-Jul-2017,13:28:56,Lauren Satterfield,NEC107F-669,Moultrie,06/17/2017,13:15,true,,false,true,false,false,false,false,false,Ok,false,false,false,false,false,,0,,0,,0,,,,,
MFDC0224.JPG,100MFCAM,Moultrie,07-Jul-2017,14:15:26,Lauren Satterfield,NEC107F-669,Moultrie,06/17/2017,13:15,true,,false,true,false,false,false,false,false,Ok,false,false,false,false,false,,0,,0,,0,,,,,
MFDC0225.JPG,100MFCAM,Moultrie,08-Jul-2017,03:25:08,Lauren Satterfield,NEC107F-669,Moultrie,06/17/2017,13:15,true,,false,true,false,false,false,false,false,Ok,true,false,false,false,false,,0,,0,,0,,,,,
MFDC0226.JPG,100MFCAM,Moultrie,08-Jul-2017,12:59:18,Lauren Satterfield,NEC107F-669,Moultrie,06/17/2017,13:15,true,,false,true,false,false,false,false,false,Ok,false,false,false,false,false,,0,,0,,0,,,,,
MFDC0227.JPG,100MFCAM,Moultrie,08-Jul-2017,13:30:55,Lauren Satterfield,NEC107F-669,Moultrie,06/17/2017,13:15,true,,false,true,false,false,false,false,false,Ok,false,false,false,false,false,,0,,0,,0,,,,,
MFDC0228.JPG,100MFCAM,Moultrie,09-Jul-2017,10:55:25,Lauren Satterfield,NEC107F-669,Moultrie,06/17/2017,13:15,true,,false,true,false,false,false,false,false,Ok,false,false,false,false,false,,0,,0,,0,,,,,
MFDC0229.JPG,100MFCAM,Moultrie,09-Jul-2017,13:13:30,Lauren Satterfield,NEC107F-669,Moultrie,06/17/2017,13:15,true,,false,true,false,false,false,false,false,Ok,false,false,false,false,false,,0,,0,,0,,,,,
MFDC0230.JPG,100MFCAM,Moultrie,09-Jul-2017,13:18:11,Lauren Satterfield,NEC107F-669,Moultrie,06/17/2017,13:15,true,,false,true,false,false,false,false,false,Ok,false,false,false,false,false,,0,,0,,0,,,,,
MFDC0231.JPG,100MFCAM,Moultrie,09-Jul-2017,14:44:45,Lauren Satterfield,NEC107F-669,Moultrie,06/17/2017,13:15,true,,false,true,false,false,false,false,false,Ok,false,false,false,false,false,,0,,0,,0,,,,,
MFDC0232.JPG,100MFCAM,Moultrie,09-Jul-2017,22:53:53,Lauren Satterfield,NEC107F-669,Moultrie,06/17/2017,13:15,true,,false,true,false,false,false,false,false,Ok,true,false,false,false,false,,0,,0,,0,,,,,
MFDC0233.JPG,100MFCAM,Moultrie,10-Jul-2017,09:47:25,Lauren Satterfield,NEC107F-669,Moultrie,06/17/2017,13:15,true,,false,true,false,false,false,false,false,Ok,false,false,false,false,false,,0,,0,,0,,,,,
MFDC0234.JPG,100MFCAM,Moultrie,10-Jul-2017,12:54:48,Lauren Satterfield,NEC107F-669,Moultrie,06/17/2017,13:15,true,,false,true,false,false,false,false,false,Ok,false,false,false,false,false,,0,,0,,0,,,,,
MFDC0235.JPG,100MFCAM,Moultrie,10-Jul-2017,12:54:51,Lauren Satterfield,NEC107F-669,Moultrie,06/17/2017,13:15,true,,false,true,false,false,false,false,false,Ok,false,false,false,false,false,,0,,0,,0,,,,,
MFDC0236.JPG,100MFCAM,Moultrie,10-Jul-2017,12:54:52,Lauren Satterfield,NEC107F-669,Moultrie,06/17/2017,13:15,true,,false,true,false,false,false,false,false,Ok,false,false,false,false,false,,0,,0,,0,,,,,
MFDC0237.JPG,100MFCAM,Moultrie,10-Jul-2017,13:16:07,Lauren Satterfield,NEC107F-669,Moultrie,06/17/2017,13:15,true,,false,true,false,false,false,false,false,Ok,false,false,false,false,false,,0,,0,,0,,,,,
MFDC0238.JPG,100MFCAM,Moultrie,10-Jul-2017,13:16:43,Lauren Satterfield,NEC107F-669,Moultrie,06/17/2017,13:15,true,,false,true,false,false,false,false,false,Ok,false,false,false,false,false,,0,,0,,0,,,,,
MFDC0239.JPG,100MFCAM,Moultrie,10-Jul-2017,13:17:28,Lauren Satterfield,NEC107F-669,Moultrie,06/17/2017,13:15,true,,false,true,false,false,false,false,false,Ok,false,false,false,false,false,,0,,0,,0,,,,,
MFDC0240.JPG,100MFCAM,Moultrie,10-Jul-2017,13:20:31,Lauren Satterfield,NEC107F-669,Moultrie,06/17/2017,13:15,true,,false,true,false,false,false,false,false,Ok,false,false,false,false,false,,0,,0,,0,,,,,
MFDC0241.JPG,100MFCAM,Moultrie,11-Jul-2017,07:50:53,Lauren Satterfield,NEC107F-669,Moultrie,06/17/2017,13:15,true,,false,true,false,false,false,false,false,Ok,false,false,false,false,false,,0,,0,,0,,,,,
MFDC0242.JPG,100MFCAM,Moultrie,11-Jul-2017,13:23:38,Lauren Satterfield,NEC107F-669,Moultrie,06/17/2017,13:15,true,,false,true,false,false,false,false,false,Ok,false,false,false,false,false,,0,,0,,0,,,,,
MFDC0243.JPG,100MFCAM,Moultrie,11-Jul-2017,13:23:40,Lauren Satterfield,NEC107F-669,Moultrie,06/17/2017,13:15,true,,false,true,false,false,false,false,false,Ok,false,false,false,false,false,,0,,0,,0,,,,,
MFDC0244.JPG,100MFCAM,Moultrie,11-Jul-2017,13:23:43,Lauren Satterfield,NEC107F-669,Moultrie,06/17/2017,13:15,true,,false,true,false,false,false,false,false,Ok,false,false,false,false,false,,0,,0,,0,,,,,
MFDC0245.JPG,100MFCAM,Moultrie,11-Jul-2017,13:39:17,Lauren Satterfield,NEC107F-669,Moultrie,06/17/2017,13:15,true,,false,true,false,false,false,false,false,Ok,false,false,false,false,false,,0,,0,,0,,,,,
MFDC0246.JPG,100MFCAM,Moultrie,11-Jul-2017,15:39:13,Lauren Satterfield,NEC107F-669,Moultrie,06/17/2017,13:15,true,,false,true,false,false,false,false,false,Ok,false,false,false,false,false,,0,,0,,0,,,,,
MFDC0247.JPG,100MFCAM,Moultrie,12-Jul-2017,00:33:53,Lauren Satterfield,NEC107F-669,Moultrie,06/17/2017,13:15,true,,false,true,false,false,false,false,false,Ok,true,false,false,false,false,,0,,0,,0,,,,,
MFDC0248.JPG,100MFCAM,Moultrie,12-Jul-2017,13:49:25,Lauren Satterfield,NEC107F-669,Moultrie,06/17/2017,13:15,true,,false,true,false,false,false,false,false,Ok,false,false,false,false,false,,0,,0,,0,,,,,
MFDC0249.JPG,100MFCAM,Moultrie,12-Jul-2017,20:46:02,Lauren Satterfield,NEC107F-669,Moultrie,06/17/2017,13:15,true,,false,true,false,false,false,false,false,Ok,true,false,false,false,false,,0,,0,,0,,,,,
MFDC0250.JPG,100MFCAM,Moultrie,12-Jul-2017,20:46:06,Lauren Satterfield,NEC107F-669,Moultrie,06/17/2017,13:15,true,,false,true,false,false,false,false,false,Ok,true,false,false,false,false,,0,,0,,0,,,,,
MFDC0251.JPG,100MFCAM,Moultrie,13-Jul-2017,13:02:47,Lauren Satterfield,NEC107F-669,Moultrie,06/17/2017,13:15,true,,false,true,false,false,false,false,false,Ok,false,false,false,false,false,,0,,0,,0,,,,,
MFDC0252.JPG,100MFCAM,Moultrie,13-Jul-2017,13:02:49,Lauren Satterfield,NEC107F-669,Moultrie,06/17/2017,13:15,true,,false,true,false,false,false,false,false,Ok,false,false,false,false,false,,0,,0,,0,,,,,
MFDC0253.JPG,100MFCAM,Moultrie,13-Jul-2017,13:02:51,Lauren Satterfield,NEC107F-669,Moultrie,06/17/2017,13:15,true,,false,true,false,false,false,false,false,Ok,false,false,false,false,false,,0,,0,,0,,,,,
MFDC0254.JPG,100MFCAM,Moultrie,13-Jul-2017,13:11:30,Lauren Satterfield,NEC107F-669,Moultrie,06/17/2017,13:15,true,,false,true,false,false,false,false,false,Ok,false,false,false,false,false,,0,,0,,0,,,,,
MFDC0255.JPG,100MFCAM,Moultrie,13-Jul-2017,13:11:32,Lauren Satterfield,NEC107F-669,Moultrie,06/17/2017,13:15,true,,false,true,false,false,false,false,false,Ok,false,false,false,false,false,,0,,0,,0,,,,,
MFDC0256.JPG,100MFCAM,Moultrie,13-Jul-2017,13:15:18,Lauren Satterfield,NEC107F-669,Moultrie,06/17/2017,13:15,true,,false,true,false,false,false,false,false,Ok,false,false,false,false,false,,0,,0,,0,,,,,
MFDC0257.JPG,100MFCAM,Moultrie,13-Jul-2017,13:22:02,Lauren Satterfield,NEC107F-669,Moultrie,06/17/2017,13:15,true,,false,true,false,false,false,false,false,Ok,false,false,false,false,false,,0,,0,,0,,,,,
MFDC0258.JPG,100MFCAM,Moultrie,13-Jul-2017,15:21:45,Lauren Satterfield,NEC107F-669,Moultrie,06/17/2017,13:15,true,,false,false,false,true,false,false,false,Ok,false,false,false,false,false,Other Bird,1,,0,,0,,,,,
MFDC0259.JPG,100MFCAM,Moultrie,13-Jul-2017,18:49:25,Lauren Satterfield,NEC107F-669,Moultrie,06/17/2017,13:15,true,,false,true,false,false,false,false,false,Ok,false,false,false,false,false,,0,,0,,0,,,,,
MFDC0260.JPG,100MFCAM,Moultrie,14-Jul-2017,13:03:02,Lauren Satterfield,NEC107F-669,Moultrie,06/17/2017,13:15,true,,false,true,false,false,false,false,false,Ok,false,false,false,false,false,,0,,0,,0,,,,,
MFDC0261.JPG,100MFCAM,Moultrie,14-Jul-2017,13:50:42,Lauren Satterfield,NEC107F-669,Moultrie,06/17/2017,13:15,true,,false,true,false,false,false,false,false,Ok,false,false,false,false,false,,0,,0,,0,,,,,
MFDC0262.JPG,100MFCAM,Moultrie,14-Jul-2017,16:53:58,Lauren Satterfield,NEC107F-669,Moultrie,06/17/2017,13:15,true,,false,false,false,true,false,false,false,Ok,false,false,false,false,false,Small Mammal,1,,0,,0,,,,,
MFDC0263.JPG,100MFCAM,Moultrie,14-Jul-2017,16:55:43,Lauren Satterfield,NEC107F-669,Moultrie,06/17/2017,13:15,true,,false,true,false,false,false,false,false,Ok,false,false,false,false,false,,0,,0,,0,,,,,
MFDC0264.JPG,100MFCAM,Moultrie,15-Jul-2017,00:12:35,Lauren Satterfield,NEC107F-669,Moultrie,06/17/2017,13:15,true,,false,true,false,false,false,false,false,Ok,true,false,false,false,false,,0,,0,,0,,,,,
MFDC0265.JPG,100MFCAM,Moultrie,15-Jul-2017,07:01:43,Lauren Satterfield,NEC107F-669,Moultrie,06/17/2017,13:15,true,,false,true,false,false,false,false,false,Ok,false,false,false,false,false,,0,,0,,0,,,,,
MFDC0266.JPG,100MFCAM,Moultrie,15-Jul-2017,11:45:19,Lauren Satterfield,NEC107F-669,Moultrie,06/17/2017,13:15,true,,false,true,false,false,false,false,false,Ok,false,false,false,false,false,,0,,0,,0,,,,,
MFDC0267.JPG,100MFCAM,Moultrie,15-Jul-2017,14:37:51,Lauren Satterfield,NEC107F-669,Moultrie,06/17/2017,13:15,true,,false,false,false,true,false,false,false,Ok,false,false,false,false,false,Other Bird,1,,0,,0,,,,,
MFDC0268.JPG,100MFCAM,Moultrie,15-Jul-2017,17:01:13,Lauren Satterfield,NEC107F-669,Moultrie,06/17/2017,13:15,true,,false,false,false,true,false,false,false,Ok,false,false,false,false,false,Other Bird,1,,0,,0,,,,,
MFDC0269.JPG,100MFCAM,Moultrie,15-Jul-2017,17:25:42,Lauren Satterfield,NEC107F-669,Moultrie,06/17/2017,13:15,true,,false,false,false,true,false,false,false,Ok,false,false,false,false,false,Other Bird,1,,0,,0,,,,,
MFDC0270.JPG,100MFCAM,Moultrie,15-Jul-2017,17:25:44,Lauren Satterfield,NEC107F-669,Moultrie,06/17/2017,13:15,true,,false,true,false,false,false,false,false,Ok,false,false,false,false,false,,0,,0,,0,,,,,
MFDC0271.JPG,100MFCAM,Moultrie,15-Jul-2017,17:25:46,Lauren Satterfield,NEC107F-669,Moultrie,06/17/2017,13:15,true,,false,false,false,true,false,false,false,Ok,false,false,false,false,false,Other Bird,1,,0,,0,,,,,
MFDC0272.JPG,100MFCAM,Moultrie,15-Jul-2017,23:54:18,Lauren Satterfield,NEC107F-669,Moultrie,06/17/2017,13:15,true,,false,true,false,false,false,false,false,Ok,true,false,false,false,false,,0,,0,,0,,,,,
MFDC0273.JPG,100MFCAM,Moultrie,16-Jul-2017,00:25:51,Lauren Satterfield,NEC107F-669,Moultrie,06/17/2017,13:15,true,,false,false,false,true,false,false,false,Ok,true,false,false,false,false,Unknown (or Unlisted),1,,0,,0,,,,"left edge of flash, movement?",
MFDC0274.JPG,100MFCAM,Moultrie,16-Jul-2017,13:04:16,Lauren Satterfield,NEC107F-669,Moultrie,06/17/2017,13:15,true,,false,false,false,true,false,false,false,Ok,false,false,false,false,false,Other Bird,1,,0,,0,,,,,
MFDC0275.JPG,100MFCAM,Moultrie,16-Jul-2017,16:52:18,Lauren Satterfield,NEC107F-669,Moultrie,06/17/2017,13:15,true,,false,false,false,true,false,false,false,Ok,false,false,false,false,false,Small Mammal,1,,0,,0,,,,,
MFDC0276.JPG,100MFCAM,Moultrie,16-Jul-2017,16:52:20,Lauren Satterfield,NEC107F-669,Moultrie,06/17/2017,13:15,true,,false,false,false,true,false,false,false,Ok,false,false,false,false,false,Small Mammal,1,,0,,0,,,,,
MFDC0277.JPG,100MFCAM,Moultrie,16-Jul-2017,16:52:21,Lauren Satterfield,NEC107F-669,Moultrie,06/17/2017,13:15,true,,false,true,false,false,false,false,false,Ok,false,false,false,false,false,,0,,0,,0,,,,,
MFDC0278.JPG,100MFCAM,Moultrie,16-Jul-2017,17:55:31,Lauren Satterfield,NEC107F-669,Moultrie,06/17/2017,13:15,true,,false,true,false,false,false,false,false,Ok,false,false,false,false,false,,0,,0,,0,,,,,
MFDC0279.JPG,100MFCAM,Moultrie,16-Jul-2017,18:48:15,Lauren Satterfield,NEC107F-669,Moultrie,06/17/2017,13:15,true,,false,false,false,true,false,false,false,Ok,false,false,false,false,false,Other Bird,1,,0,,0,,,,,
MFDC0280.JPG,100MFCAM,Moultrie,16-Jul-2017,18:49:16,Lauren Satterfield,NEC107F-669,Moultrie,06/17/2017,13:15,true,,false,true,false,false,false,false,false,Ok,false,false,false,false,false,,0,,0,,0,,,,,
MFDC0281.JPG,100MFCAM,Moultrie,16-Jul-2017,18:58:21,Lauren Satterfield,NEC107F-669,Moultrie,06/17/2017,13:15,true,,false,true,false,false,false,false,false,Ok,false,false,false,false,false,,0,,0,,0,,,,,
MFDC0282.JPG,100MFCAM,Moultrie,16-Jul-2017,19:40:06,Lauren Satterfield,NEC107F-669,Moultrie,06/17/2017,13:15,true,,false,false,false,true,false,false,false,Ok,false,false,false,false,false,Other Bird,1,,0,,0,,,,,
MFDC0283.JPG,100MFCAM,Moultrie,16-Jul-2017,19:41:35,Lauren Satterfield,NEC107F-669,Moultrie,06/17/2017,13:15,true,,false,true,false,false,false,false,false,Ok,false,false,false,false,false,,0,,0,,0,,,,,
MFDC0284.JPG,100MFCAM,Moultrie,16-Jul-2017,19:43:26,Lauren Satterfield,NEC107F-669,Moultrie,06/17/2017,13:15,true,,false,true,false,false,false,false,false,Ok,false,false,false,false,false,,0,,0,,0,,,,,
MFDC0285.JPG,100MFCAM,Moultrie,16-Jul-2017,22:36:57,Lauren Satterfield,NEC107F-669,Moultrie,06/17/2017,13:15,true,,false,true,false,false,false,false,false,Ok,true,false,false,false,false,,0,,0,,0,,,,,
MFDC0286.JPG,100MFCAM,Moultrie,16-Jul-2017,23:11:07,Lauren Satterfield,NEC107F-669,Moultrie,06/17/2017,13:15,true,,false,true,false,false,false,false,false,Ok,true,false,false,false,false,,0,,0,,0,,,,,
MFDC0287.JPG,100MFCAM,Moultrie,17-Jul-2017,02:31:59,Lauren Satterfield,NEC107F-669,Moultrie,06/17/2017,13:15,true,,false,true,false,false,false,false,false,Ok,true,false,false,false,false,,0,,0,,0,,,,,
MFDC0288.JPG,100MFCAM,Moultrie,17-Jul-2017,05:48:22,Lauren Satterfield,NEC107F-669,Moultrie,06/17/2017,13:15,true,,false,true,false,false,false,false,false,Ok,false,false,false,false,false,,0,,0,,0,,,,,
MFDC0289.JPG,100MFCAM,Moultrie,17-Jul-2017,09:44:03,Lauren Satterfield,NEC107F-669,Moultrie,06/17/2017,13:15,true,,false,true,false,false,false,false,false,Ok,false,false,false,false,false,,0,,0,,0,,,,,
MFDC0290.JPG,100MFCAM,Moultrie,17-Jul-2017,11:45:58,Lauren Satterfield,NEC107F-669,Moultrie,06/17/2017,13:15,true,,false,true,false,false,false,false,false,Ok,false,false,false,false,false,,0,,0,,0,,,,,
MFDC0291.JPG,100MFCAM,Moultrie,17-Jul-2017,13:22:51,Lauren Satterfield,NEC107F-669,Moultrie,06/17/2017,13:15,true,,false,false,false,true,false,false,false,Ok,false,false,false,false,true,Small Mammal,1,,0,,0,,,,,
MFDC0292.JPG,100MFCAM,Moultrie,17-Jul-2017,13:22:53,Lauren Satterfield,NEC107F-669,Moultrie,06/17/2017,13:15,true,,false,false,false,true,false,false,false,Ok,false,false,false,false,false,Small Mammal,1,,0,,0,,,,,
MFDC0293.JPG,100MFCAM,Moultrie,17-Jul-2017,13:22:54,Lauren Satterfield,NEC107F-669,Moultrie,06/17/2017,13:15,true,,false,false,false,true,false,false,false,Ok,false,false,false,false,false,Small Mammal,1,,0,,0,,,,,
MFDC0294.JPG,100MFCAM,Moultrie,17-Jul-2017,15:21:15,Lauren Satterfield,NEC107F-669,Moultrie,06/17/2017,13:15,true,,false,false,false,true,false,false,false,Ok,false,false,false,false,false,Small Mammal,1,,0,,0,,,,tail moving out of frame?,
MFDC0295.JPG,100MFCAM,Moultrie,17-Jul-2017,17:30:34,Lauren Satterfield,NEC107F-669,Moultrie,06/17/2017,13:15,true,,false,true,false,false,false,false,false,Ok,false,false,false,false,false,,0,,0,,0,,,,,
MFDC0296.JPG,100MFCAM,Moultrie,17-Jul-2017,17:39:24,Lauren Satterfield,NEC107F-669,Moultrie,06/17/2017,13:15,true,,false,true,false,false,false,false,false,Ok,false,false,false,false,false,,0,,0,,0,,,,,
MFDC0297.JPG,100MFCAM,Moultrie,17-Jul-2017,23:40:44,Lauren Satterfield,NEC107F-669,Moultrie,06/17/2017,13:15,true,,false,true,false,false,false,false,false,Ok,true,false,false,false,false,,0,,0,,0,,,,,
MFDC0298.JPG,100MFCAM,Moultrie,18-Jul-2017,00:33:00,Lauren Satterfield,NEC107F-669,Moultrie,06/17/2017,13:15,true,,false,true,false,false,false,false,false,Ok,true,false,false,false,false,,0,,0,,0,,,,,
MFDC0299.JPG,100MFCAM,Moultrie,18-Jul-2017,05:21:57,Lauren Satterfield,NEC107F-669,Moultrie,06/17/2017,13:15,true,,false,true,false,false,false,false,false,Ok,false,false,false,false,false,,0,,0,,0,,,,,
MFDC0300.JPG,100MFCAM,Moultrie,18-Jul-2017,08:01:25,Lauren Satterfield,NEC107F-669,Moultrie,06/17/2017,13:15,true,,false,false,false,true,false,false,false,Ok,false,false,false,false,false,Grouse or Quail,1,,0,,0,,,,,
MFDC0301.JPG,100MFCAM,Moultrie,18-Jul-2017,08:01:28,Lauren Satterfield,NEC107F-669,Moultrie,06/17/2017,13:15,true,,false,false,false,true,false,false,false,Ok,false,false,false,false,false,Grouse or Quail,1,,0,,0,,,,,
MFDC0302.JPG,100MFCAM,Moultrie,18-Jul-2017,08:01:28,Lauren Satterfield,NEC107F-669,Moultrie,06/17/2017,13:15,true,,false,false,false,true,false,false,false,Ok,false,false,false,false,false,Grouse or Quail,1,,0,,0,,,,,
MFDC0303.JPG,100MFCAM,Moultrie,18-Jul-2017,10:39:01,Lauren Satterfield,NEC107F-669,Moultrie,06/17/2017,13:15,true,,false,false,false,true,false,false,false,Ok,false,false,false,false,false,Other Bird,1,,0,,0,,,,,
MFDC0304.JPG,100MFCAM,Moultrie,18-Jul-2017,13:23:18,Lauren Satterfield,NEC107F-669,Moultrie,06/17/2017,13:15,true,,false,true,false,false,false,false,false,Ok,false,false,false,false,false,,0,,0,,0,,,,,
MFDC0305.JPG,100MFCAM,Moultrie,18-Jul-2017,15:52:23,Lauren Satterfield,NEC107F-669,Moultrie,06/17/2017,13:15,true,,false,true,false,false,false,false,false,Ok,false,false,false,false,false,,0,,0,,0,,,,,
MFDC0306.JPG,100MFCAM,Moultrie,18-Jul-2017,19:37:39,Lauren Satterfield,NEC107F-669,Moultrie,06/17/2017,13:15,true,,false,true,false,false,false,false,false,Ok,false,false,false,false,false,,0,,0,,0,,,,,
MFDC0307.JPG,100MFCAM,Moultrie,19-Jul-2017,01:31:54,Lauren Satterfield,NEC107F-669,Moultrie,06/17/2017,13:15,true,,false,true,false,false,false,false,false,Ok,true,false,false,false,false,,0,,0,,0,,,,,
MFDC0308.JPG,100MFCAM,Moultrie,19-Jul-2017,02:43:22,Lauren Satterfield,NEC107F-669,Moultrie,06/17/2017,13:15,true,,false,true,false,false,false,false,false,Ok,true,false,false,false,false,,0,,0,,0,,,,,
MFDC0309.JPG,100MFCAM,Moultrie,19-Jul-2017,05:55:27,Lauren Satterfield,NEC107F-669,Moultrie,06/17/2017,13:15,true,,false,true,false,false,false,false,false,Ok,false,false,false,false,false,,0,,0,,0,,,,,
MFDC0310.JPG,100MFCAM,Moultrie,19-Jul-2017,11:34:37,Lauren Satterfield,NEC107F-669,Moultrie,06/17/2017,13:15,true,,true,false,false,false,false,false,false,Ok,false,false,false,false,false,,0,,0,,0,,,,,
MFDC0311.JPG,100MFCAM,Moultrie,19-Jul-2017,11:34:39,Lauren Satterfield,NEC107F-669,Moultrie,06/17/2017,13:15,true,,true,false,false,false,false,false,false,Ok,false,false,false,false,false,,0,,0,,0,,,,,
MFDC0312.JPG,100MFCAM,Moultrie,19-Jul-2017,11:35:09,Lauren Satterfield,NEC107F-669,Moultrie,06/17/2017,13:15,true,,true,false,false,false,false,false,false,Ok,false,false,false,false,false,,0,,0,,0,,,,,
MFDC0313.JPG,100MFCAM,Moultrie,19-Jul-2017,11:35:13,Lauren Satterfield,NEC107F-669,Moultrie,06/17/2017,13:15,true,,true,false,false,false,false,false,false,Ok,false,false,false,false,false,,0,,0,,0,,,,,
MFDC0314.JPG,100MFCAM,Moultrie,19-Jul-2017,11:35:14,Lauren Satterfield,NEC107F-669,Moultrie,06/17/2017,13:15,true,,true,false,false,false,false,false,false,Ok,false,false,false,false,false,,0,,0,,0,,,,,
MFDC0315.JPG,100MFCAM,Moultrie,19-Jul-2017,11:35:56,Lauren Satterfield,NEC107F-669,Moultrie,06/17/2017,13:15,true,,true,false,false,false,false,false,false,Ok,false,false,false,false,false,,0,,0,,0,,,,,
MFDC0316.JPG,100MFCAM,Moultrie,19-Jul-2017,11:36:41,Lauren Satterfield,NEC107F-669,Moultrie,06/17/2017,13:15,true,,true,false,false,false,false,false,false,Ok,false,false,false,false,false,,0,,0,,0,,,,,
MFDC0317.JPG,100MFCAM,Moultrie,19-Jul-2017,11:37:35,Lauren Satterfield,NEC107F-669,Moultrie,06/17/2017,13:15,true,,true,false,false,false,false,false,false,Ok,false,false,false,false,false,,0,,0,,0,,,,,
MFDC0318.JPG,100MFCAM,Moultrie,19-Jul-2017,11:37:37,Lauren Satterfield,NEC107F-669,Moultrie,06/17/2017,13:15,true,,true,false,false,false,false,false,false,Ok,false,false,false,false,false,,0,,0,,0,,,,,
MFDC0319.JPG,100MFCAM,Moultrie,19-Jul-2017,11:37:38,Lauren Satterfield,NEC107F-669,Moultrie,06/17/2017,13:15,true,,true,false,false,false,false,false,false,Ok,false,false,false,false,false,,0,,0,,0,,,,,
MFDC0320.JPG,100MFCAM,Moultrie,19-Jul-2017,11:38:12,Lauren Satterfield,NEC107F-669,Moultrie,06/17/2017,13:15,true,,true,false,false,false,false,false,false,Ok,false,false,false,false,false,,0,,0,,0,,,,,
MFDC0321.JPG,100MFCAM,Moultrie,19-Jul-2017,11:38:14,Lauren Satterfield,NEC107F-669,Moultrie,06/17/2017,13:15,true,,true,false,false,false,false,false,false,Ok,false,false,false,false,false,,0,,0,,0,,,,,
MFDC0322.JPG,100MFCAM,Moultrie,19-Jul-2017,11:38:15,Lauren Satterfield,NEC107F-669,Moultrie,06/17/2017,13:15,true,,true,false,false,false,false,false,false,Ok,false,false,false,false,false,,0,,0,,0,,,,,
MFDC0323.JPG,100MFCAM,Moultrie,19-Jul-2017,11:38:58,Lauren Satterfield,NEC107F-669,Moultrie,06/17/2017,13:15,true,,true,false,false,false,false,false,false,Ok,false,false,false,false,false,,0,,0,,0,,,,,
MFDC0324.JPG,100MFCAM,Moultrie,19-Jul-2017,11:39:00,Lauren Satterfield,NEC107F-669,Moultrie,06/17/2017,13:15,true,,true,false,false,false,false,false,false,Ok,false,false,false,false,false,,0,,0,,0,,,,,
MFDC0325.JPG,100MFCAM,Moultrie,19-Jul-2017,11:39:01,Lauren Satterfield,NEC107F-669,Moultrie,06/17/2017,13:15,true,,true,false,false,false,false,false,false,Ok,false,false,false,false,false,,0,,0,,0,,,,,
